Top pages,Clicks,Impressions,CTR,Position
https://www.casaebottegapuglia.it/,13,189,6.88%,7.97
https://www.casaebottegapuglia.it/blog/isole-tremiti/,11,1045,1.05%,10.85
https://casaebottegapuglia.it/,11,584,1.88%,5.45
https://casaebottegapuglia.it/blog/spiagge-gargano-manfredonia-vieste/,8,699,1.14%,11.08
https://www.casaebottegapuglia.it/blog/cosa-mangiare-manfredonia/,7,220,3.18%,8.69
https://www.casaebottegapuglia.it/blog/muoversi-nel-gargano/,5,522,0.96%,8.33
https://www.casaebottegapuglia.it/blog/spiagge-gargano-manfredonia-vieste/,4,858,0.47%,9.77
https://casaebottegapuglia.it/en/blog/locali-gargano/,4,169,2.37%,9.47
https://www.casaebottegapuglia.it/blog/scogliere-calette-gargano/,3,457,0.66%,8.42
https://www.casaebottegapuglia.it/en/blog-articolo-8.html,3,225,1.33%,8
https://www.casaebottegapuglia.it/en/blog/spiagge-gargano-manfredonia-vieste/,2,381,0.52%,8.57
https://casaebottegapuglia.it/en/blog/muoversi-nel-gargano/,2,131,1.53%,7.67
https://www.casaebottegapuglia.it/en/blog/locali-gargano/,2,65,3.08%,9.46
https://casaebottegapuglia.it/blog-articolo-6,2,59,3.39%,8.76
https://casaebottegapuglia.it/en/blog-articolo-1.html,2,49,4.08%,13.59
https://www.casaebottegapuglia.it/en/blog/giro-in-barca-gargano/,2,35,5.71%,9.26
https://casaebottegapuglia.it/de/blog/settimana-nel-gargano/,2,28,7.14%,4.96
https://casaebottegapuglia.it/blog/dove-mangiano-i-locali-manfredonia/,2,26,7.69%,9.58
https://casaebottegapuglia.it/en/blog-articolo-2.html,2,17,11.76%,5.82
https://casaebottegapuglia.it/en/blog/mattinata-borgo-bianco/,2,16,12.5%,6.62
https://casaebottegapuglia.it/blog/cosa-fare-manfredonia/,2,16,12.5%,7.94
https://www.casaebottegapuglia.it/blog/bagno-gargano-maggio-giugno/,1,403,0.25%,8.41
https://www.casaebottegapuglia.it/fr/blog/spiagge-gargano-manfredonia-vieste/,1,153,0.65%,9.93
https://www.casaebottegapuglia.it/en/blog/scogliere-calette-gargano/,1,127,0.79%,8.82
https://www.casaebottegapuglia.it/en/blog/come-arrivare-nel-gargano/,1,105,0.95%,6.82
https://casaebottegapuglia.it/en/blog/spiagge-gargano-manfredonia-vieste/,1,86,1.16%,11.22
https://casaebottegapuglia.it/blog/muoversi-nel-gargano/,1,58,1.72%,9.07
https://casaebottegapuglia.it/blog-articolo-1,1,42,2.38%,22.83
https://casaebottegapuglia.it/en/contatti,1,41,2.44%,8.9
https://www.casaebottegapuglia.it/en/contatti,1,39,2.56%,10.64
https://casaebottegapuglia.it/en/blog-articolo-8.html,1,36,2.78%,7.19
https://www.casaebottegapuglia.it/en/blog/settimana-nel-gargano/,1,31,3.23%,14.42
https://www.casaebottegapuglia.it/fr/blog/da-manfredonia-a-vieste/,1,29,3.45%,7.59
https://www.casaebottegapuglia.it/de/blog/locali-gargano/,1,24,4.17%,8
https://www.casaebottegapuglia.it/blog/borghi-nascosti-gargano/,1,23,4.35%,8.17
https://www.casaebottegapuglia.it/blog/locali-gargano/,1,21,4.76%,8.9
https://www.casaebottegapuglia.it/es/blog/da-manfredonia-a-vieste/,1,13,7.69%,9
https://www.casaebottegapuglia.it/es/blog/come-arrivare-nel-gargano/,1,12,8.33%,5.58
https://casaebottegapuglia.it/blog-articolo?slug=cosa-si-mangia-manfredonia&lang=nl,1,12,8.33%,7.5
https://casaebottegapuglia.it/blog-articolo-11,1,11,9.09%,9.64
https://casaebottegapuglia.it/blog/vino-gargano-nero-troia/,1,10,10%,8.4
https://casaebottegapuglia.it/es/blog/manfredonia-tre-giorni/,1,9,11.11%,7.22
https://casaebottegapuglia.it/blog-articolo-12,1,8,12.5%,6.12
https://casaebottegapuglia.it/nl/blog-articolo-3.html,1,5,20%,6.6
https://www.casaebottegapuglia.it/de/blog/cosa-fare-manfredonia/,1,3,33.33%,8.33
https://www.casaebottegapuglia.it/en/blog/basilica-siponto-tresoldi/,0,176,0%,8.19
https://casaebottegapuglia.it/nl/blog/vieste-borgo-sul-mare/,0,91,0%,9.27
https://www.casaebottegapuglia.it/blog/cosa-fare-manfredonia/,0,88,0%,23.62
https://casaebottegapuglia.it/en/blog-articolo-11.html,0,71,0%,7.44
https://www.casaebottegapuglia.it/en/blog/cosa-fare-manfredonia/,0,44,0%,14.61
https://www.casaebottegapuglia.it/contatti.html,0,43,0%,9.98
https://casaebottegapuglia.it/en/prenota,0,42,0%,6.81
https://casaebottegapuglia.it/blog/mattinata-borgo-bianco/,0,38,0%,10.05
https://www.casaebottegapuglia.it/en/blog/is-manfredonia-worth-visiting/,0,34,0%,5.15
https://casaebottegapuglia.it/en/blog/basilica-siponto-tresoldi/,0,33,0%,9.15
https://www.casaebottegapuglia.it/en/blog/da-manfredonia-a-vieste/,0,29,0%,6.72
https://www.casaebottegapuglia.it/blog/vieste-borgo-sul-mare/,0,27,0%,9.59
https://casaebottegapuglia.it/blog-articolo-10,0,24,0%,6.54
https://casaebottegapuglia.it/es/contatti.html,0,22,0%,3.18
https://casaebottegapuglia.it/en/blog/giro-in-barca-gargano/,0,21,0%,6.1
https://casaebottegapuglia.it/blog/isole-tremiti/,0,18,0%,13.33
https://casaebottegapuglia.it/nl/blog-articolo-14.html,0,17,0%,7.94
https://casaebottegapuglia.it/en/blog/peschici-borgo-sul-mare/,0,17,0%,8.94
https://casaebottegapuglia.it/blog/scogliere-calette-gargano/,0,15,0%,8.27
https://casaebottegapuglia.it/blog-articolo-5,0,15,0%,8.67
https://www.casaebottegapuglia.it/en/blog.html,0,15,0%,11.73
https://www.casaebottegapuglia.it/es/blog/san-giovanni-rotondo-padre-pio/,0,14,0%,11.57
https://www.casaebottegapuglia.it/de/blog/borghi-nascosti-gargano/,0,13,0%,5.85
https://casaebottegapuglia.it/blog-articolo-2,0,13,0%,8.23
https://www.casaebottegapuglia.it/blog/san-giovanni-rotondo-padre-pio/,0,13,0%,8.62
https://www.casaebottegapuglia.it/de/blog/san-giovanni-rotondo-padre-pio/,0,13,0%,10.23
https://www.casaebottegapuglia.it/fr/blog/come-arrivare-nel-gargano/,0,12,0%,7.42
https://www.casaebottegapuglia.it/de/index.html,0,12,0%,10.17
https://casaebottegapuglia.it/blog/bagno-gargano-maggio-giugno/,0,11,0%,10.18
https://casaebottegapuglia.it/fr/index.html,0,11,0%,18.27
https://www.casaebottegapuglia.it/fr/contatti.html,0,11,0%,18.45
https://casaebottegapuglia.it/es/prenota,0,10,0%,4
https://casaebottegapuglia.it/en/blog/vino-gargano-nero-troia/,0,10,0%,5.5
https://www.casaebottegapuglia.it/blog/come-arrivare-nel-gargano/,0,10,0%,8.7
https://casaebottegapuglia.it/de/blog/locali-gargano/,0,9,0%,7.89
https://www.casaebottegapuglia.it/en/index.html,0,9,0%,10.44
https://casaebottegapuglia.it/es/index.html,0,8,0%,4.88
https://casaebottegapuglia.it/fr/contatti.html,0,8,0%,6.88
https://www.casaebottegapuglia.it/en/blog/bagno-gargano-maggio-giugno/,0,8,0%,7.38
https://casaebottegapuglia.it/blog-articolo?slug=vieste-borgo-sul-mare&lang=es,0,8,0%,7.62
https://casaebottegapuglia.it/en/index.html,0,8,0%,9.12
https://casaebottegapuglia.it/en/blog/dove-mangiano-i-locali-manfredonia/,0,7,0%,7
https://casaebottegapuglia.it/blog-articolo-16,0,7,0%,8.29
https://casaebottegapuglia.it/blog-articolo-7,0,7,0%,8.29
https://casaebottegapuglia.it/blog-articolo-3,0,7,0%,9.14
https://www.casaebottegapuglia.it/fr/index.html,0,7,0%,10.57
https://casaebottegapuglia.it/de/index.html,0,7,0%,11.71
https://www.casaebottegapuglia.it/es/index.html,0,7,0%,16
https://casaebottegapuglia.it/blog-articolo-14,0,6,0%,6.67
https://www.casaebottegapuglia.it/en/blog-articolo-14.html,0,6,0%,7.17
https://casaebottegapuglia.it/blog/basilica-siponto-tresoldi/,0,6,0%,8
https://www.casaebottegapuglia.it/es/blog.html,0,6,0%,8
https://casaebottegapuglia.it/de/blog/vieste-borgo-sul-mare/,0,6,0%,8.17
https://www.casaebottegapuglia.it/?ved=1t:202767&ictx=111,0,6,0%,8.33
https://casaebottegapuglia.it/en/blog/bagno-gargano-maggio-giugno/,0,6,0%,8.67
https://www.casaebottegapuglia.it/fr/blog/locali-gargano/,0,6,0%,9
https://www.casaebottegapuglia.it/de/blog.html,0,6,0%,9.17
https://www.casaebottegapuglia.it/nl/blog.html,0,6,0%,9.33
https://casaebottegapuglia.it/fr/blog.html,0,6,0%,10
https://casaebottegapuglia.it/fr/,0,6,0%,10.17
https://casaebottegapuglia.it/fr/prenota,0,5,0%,5.4
https://www.casaebottegapuglia.it/es/blog/cosa-mangiare-manfredonia/,0,5,0%,7.8
https://www.casaebottegapuglia.it/fr/prenota,0,5,0%,42.2
https://www.casaebottegapuglia.it/en/blog/settimana-santa-manfredonia/,0,4,0%,4.25
https://casaebottegapuglia.it/blog-articolo?slug=vieste-borgo-sul-mare&lang=nl,0,4,0%,6
https://casaebottegapuglia.it/nl/index.html,0,4,0%,6.25
https://www.casaebottegapuglia.it/de/blog/come-arrivare-nel-gargano/,0,4,0%,7
https://casaebottegapuglia.it/blog-articolo-8,0,4,0%,7.5
https://www.casaebottegapuglia.it/nl/blog/san-giovanni-rotondo-padre-pio/,0,4,0%,9
https://www.casaebottegapuglia.it/fr/blog.html,0,4,0%,9.75
https://www.casaebottegapuglia.it/nl/index.html,0,4,0%,10.25
https://casaebottegapuglia.it/blog/locali-gargano/,0,4,0%,10.5
https://casaebottegapuglia.it/en/blog.html,0,3,0%,3
https://www.casaebottegapuglia.it/es/blog/scogliere-calette-gargano/,0,3,0%,5
https://www.casaebottegapuglia.it/nl/blog/come-arrivare-nel-gargano/,0,3,0%,5
https://www.casaebottegapuglia.it/en/blog/borghi-nascosti-gargano/,0,3,0%,6
https://www.casaebottegapuglia.it/blog-articolo-15.html,0,3,0%,8.67
https://www.casaebottegapuglia.it/en/blog/san-giovanni-rotondo-padre-pio/,0,3,0%,8.67
https://www.casaebottegapuglia.it/de/blog-articolo-11.html,0,3,0%,11
https://casaebottegapuglia.it/es/blog.html,0,3,0%,25.33
https://www.casaebottegapuglia.it/nl/blog/scogliere-calette-gargano/,0,2,0%,6.5
https://casaebottegapuglia.it/nl/prenota,0,2,0%,7
https://casaebottegapuglia.it/es/blog/cosa-mangiare-manfredonia/,0,2,0%,7.5
https://casaebottegapuglia.it/en/blog/manfredonia-lenta/,0,2,0%,8
https://casaebottegapuglia.it/fr/blog/locali-gargano/,0,2,0%,8
https://www.casaebottegapuglia.it/nl/prenota.html,0,2,0%,8
https://www.casaebottegapuglia.it/blog/dove-mangiano-i-locali-manfredonia/,0,2,0%,8.5
https://www.casaebottegapuglia.it/es/prenota,0,2,0%,9
https://www.casaebottegapuglia.it/blog/settimana-santa-manfredonia/,0,2,0%,9.5
https://casaebottegapuglia.it/blog-articolo?slug=cinque-cose-manfredonia,0,2,0%,10
https://casaebottegapuglia.it/blog-articolo?slug=settimana-nel-gargano,0,2,0%,10
https://www.casaebottegapuglia.it/en/index.html?ved=1t:202767&ictx=111,0,2,0%,13
https://www.casaebottegapuglia.it/es/camere.html,0,2,0%,33.5
https://casaebottegapuglia.it/blog-articolo?slug=gargano-fuori-stagione,0,1,0%,2
https://casaebottegapuglia.it/blog/settimana-santa-manfredonia/,0,1,0%,2
https://casaebottegapuglia.it/blog/manfredonia-lenta/,0,1,0%,3
https://www.casaebottegapuglia.it/foto-zona/castello_Manfredonia.webp,0,1,0%,4
https://www.casaebottegapuglia.it/de/blog/vieste-borgo-sul-mare/,0,1,0%,5
https://casaebottegapuglia.it/fr/camere.html,0,1,0%,6
https://www.casaebottegapuglia.it/en/prenota,0,1,0%,6
https://casaebottegapuglia.it/de/blog-articolo-1,0,1,0%,8
https://casaebottegapuglia.it/es/blog,0,1,0%,8
https://www.casaebottegapuglia.it/blog-articolo-13.html,0,1,0%,8
https://casaebottegapuglia.it/de/blog.html,0,1,0%,9
https://casaebottegapuglia.it/blog-articolo-4,0,1,0%,11
https://casaebottegapuglia.it/blog-articolo?slug=manfredonia-lenta,0,1,0%,11