Top queries,Clicks,Impressions,CTR,Position
casa e bottega manfredonia,6,45,13.33%,1.78
manfredonia isole tremiti,2,31,6.45%,13
isole tremiti da manfredonia,1,50,2%,12.06
snorkeling gargano,1,8,12.5%,10
case vacanza manfredonia,1,7,14.29%,4.29
best beaches in gargano,1,6,16.67%,13.67
gargano puglia beach,1,4,25%,12
casa vacanza,1,1,100%,1
con cucina,1,1,100%,3
gargano hidden beaches,1,1,100%,19
manfredonia vieste distanza,0,137,0%,10.27
vieste manfredonia distanza,0,69,0%,10.06
distanza manfredonia vieste,0,67,0%,9.45
com'è il mare a manfredonia,0,52,0%,9.46
airbnb manfredonia,0,50,0%,7.82
distanza vieste manfredonia,0,46,0%,9.37
siponto basilica,0,41,0%,9.73
traghetto manfredonia tremiti,0,33,0%,16.21
manfredonia,0,30,0%,42.83
casa e bottega,0,29,0%,8.41
manfredonia beaches,0,21,0%,9.1
gargano beaches,0,21,0%,15.24
distanza tra manfredonia e vieste,0,20,0%,8.4
manfredonia spiagge più belle,0,20,0%,13.3
gargano beach,0,19,0%,12.32
biglietti manfredonia tremiti,0,19,0%,17.05
casa bottega,0,16,0%,19.06
basilica di siponto,0,15,0%,9.8
costo manfredonia tremiti,0,15,0%,14.8
traghetti manfredonia isole tremiti,0,15,0%,16.93
com è il mare a manfredonia,0,14,0%,8.14
com'è il mare di manfredonia,0,14,0%,8.29
manfredonia plage,0,13,0%,11.15
isole tremiti manfredonia,0,13,0%,12.31
prezzi manfredonia tremiti,0,13,0%,14.54
traghetto manfredonia isole tremiti,0,13,0%,15.92
casa vacanze manfredonia,0,12,0%,6.42
come il mare a manfredonia,0,12,0%,6.75
distanza manfredonia vieste in auto,0,12,0%,8.25
tour isole tremiti da manfredonia,0,12,0%,8.5
manfredonia tremiti,0,12,0%,16.42
gargano beach puglia,0,11,0%,12
gargano cliffs,0,10,0%,3.3
cosa mangiare a manfredonia,0,10,0%,6.5
gargano sea caves,0,10,0%,7.5
b&b manfredonia,0,10,0%,16.9
gargano day trip,0,10,0%,32
manfredonia isole tremiti traghetto,0,9,0%,9.44
mare a manfredonia,0,9,0%,11
a manfredonia c'è il mare,0,9,0%,11.67
mangiare a manfredonia,0,9,0%,13.44
gargano easy to reach,0,8,0%,5.12
quanto dista manfredonia da vieste,0,8,0%,8.25
chiancamasitto,0,8,0%,8.88
distanza tra vieste e manfredonia,0,8,0%,9
distanza manfredonia - vieste,0,8,0%,9.75
spiagge belle vicino manfredonia,0,8,0%,13.88
spiagge manfredonia,0,8,0%,20.12
gargano easy to reach 2026,0,7,0%,4.86
casa vacanza manfredonia,0,7,0%,6.29
lo jalant,0,7,0%,8.71
gargano snorkeling,0,7,0%,9.29
manfredonia di sera,0,7,0%,15
manfredonia cosa vedere,0,7,0%,22.29
plage vieste,0,7,0%,22.57
casa e bottega foto,0,6,0%,5
is manfredonia worth visiting,0,6,0%,7.5
quanto dista vieste da manfredonia,0,6,0%,7.67
com'è il mare a manfredonia?,0,6,0%,7.83
case vacanze manfredonia,0,6,0%,8.5
quanto dista manfredonia da mattinata,0,6,0%,9.33
gargano sea,0,6,0%,12.67
spiagge libere gargano,0,6,0%,19
cose da fare a manfredonia,0,6,0%,23.67
casa & bottega,0,6,0%,25.33
cosa vedere a manfredonia,0,6,0%,33
basilica siponto,0,5,0%,7.8
manfredonia vignanotica distanza,0,5,0%,9.8
distanza da manfredonia a vieste,0,5,0%,10.4
spiagge più belle manfredonia,0,5,0%,17.6
gite di un giorno da manfredonia,0,5,0%,20
manfredonia spiagge,0,5,0%,23.2
spiaggia libera vieste,0,5,0%,24.8
manfredonia com è il mare,0,4,0%,10
manfredonia beach,0,4,0%,10.5
manfredonia spiaggia libera,0,4,0%,10.5
things to do in manfredonia,0,4,0%,10.75
manfredonia spiagge libere,0,4,0%,12.25
gargano calette,0,4,0%,13.25
spiagge libere vieste,0,4,0%,19.5
spiaggia libera manfredonia,0,4,0%,20.5
spiagge libere a vieste,0,4,0%,22.25
calette gargano,0,4,0%,25.75
gargano coast,0,4,0%,35.75
casa e bottega recensioni,0,3,0%,6.67
distanza vieste - manfredonia,0,3,0%,8.67
gargano food,0,3,0%,8.67
manfredonia come è il mare,0,3,0%,9.33
best beaches gargano peninsula,0,3,0%,9.67
calette,0,3,0%,9.67
plages gargano,0,3,0%,10
tremiti da manfredonia,0,3,0%,10
gargano plage,0,3,0%,10.33
dove andare al mare a manfredonia,0,3,0%,12
b&b zapponeta,0,3,0%,13
traghetti manfredonia tremiti,0,3,0%,13
spiagge vicino manfredonia,0,3,0%,14.33
manfredonia cosa fare la sera,0,3,0%,17
gargano best beaches,0,3,0%,17.67
best beaches gargano,0,3,0%,18
gargano spiagge libere,0,3,0%,19
gargano come arrivare,0,3,0%,19.33
vieste spiagge libere,0,3,0%,23.33
spiaggia libera gargano,0,3,0%,24.67
manfredonia cosa visitare,0,3,0%,28.67
b & b manfredonia,0,3,0%,32.33
b&b la bottega,0,3,0%,40.33
ristoranti gargano,0,3,0%,52.67
manfredonia italy,0,3,0%,54
casa & bottega bari,0,2,0%,2.5
manfredonia?,0,2,0%,3.5
guest house,0,2,0%,4
pensione,0,2,0%,4
casa vacanze,0,2,0%,7
gargano distanza,0,2,0%,7
cafe gargano,0,2,0%,7.5
isole tremiti traghetto da manfredonia,0,2,0%,7.5
manfredonia casa vacanze,0,2,0%,7.5
mare manfredonia com'è,0,2,0%,7.5
gargano beaches puglia,0,2,0%,9
plage gargano,0,2,0%,9.5
roasted manfredonia,0,2,0%,9.5
cala rossa gargano,0,2,0%,10
monolocale manfredonia affitto,0,2,0%,10.5
distanza da vieste a manfredonia,0,2,0%,11
manfredonia restaurants,0,2,0%,11
distanza da mattinata a manfredonia,0,2,0%,11.5
les plus belles plages du gargano,0,2,0%,11.5
manfredonia tremiti biglietti,0,2,0%,11.5
a manfredonia,0,2,0%,13
traghetto isole tremiti da manfredonia,0,2,0%,13.5
siponto,0,2,0%,14
da manfredonia a vieste,0,2,0%,16.5
traghetti isole tremiti da manfredonia,0,2,0%,17
bungalow manfredonia,0,2,0%,18
dove mangiare a manfredonia,0,2,0%,21
manfredonia gargano,0,2,0%,22.5
gargano mare,0,2,0%,24
s giovanni rotondo padre pio,0,2,0%,24.5
spiagge di manfredonia,0,2,0%,24.5
gargano manfredonia,0,2,0%,25
cosa vedere manfredonia,0,2,0%,25.5
manfredonia altstadt,0,2,0%,26.5
mare gargano,0,2,0%,31.5
qual è la differenza tra arrivare a san domino o a san nicola?,0,2,0%,32.5
macchia puglia,0,2,0%,41
gite in barca manfredonia,0,2,0%,42
manfredonia centro storico,0,2,0%,50
gargano strände,0,2,0%,61
a piedi,0,1,0%,1
b&b con cucina,0,1,0%,1
bottega dell estate,0,1,0%,1
casa vacanze manfredonia siponto,0,1,0%,1
gargano alloggi,0,1,0%,1
il mare è bello?,0,1,0%,1
wie ist die straße,0,1,0%,1
airbnb near me,0,1,0%,2
al supermercato,0,1,0%,2
casa vacanze vicino a me,0,1,0%,2
casa.e,0,1,0%,2
ja tack,0,1,0%,2
mattinata manfredonia,0,1,0%,2
nel gargano,0,1,0%,2
vacanze a manfredonia,0,1,0%,2
італія,0,1,0%,2
casa puglia,0,1,0%,3
entrambe,0,1,0%,3
gargano b&b,0,1,0%,3
gargano white cliffs,0,1,0%,3
si,0,1,0%,3
stella michelin,0,1,0%,3
spiaggia libera,0,1,0%,4
vieste coastline cliffs,0,1,0%,4
l'accesso è libero?,0,1,0%,5
appartamenti,0,1,0%,6
bar gargano,0,1,0%,7
case vacanze a manfredonia,0,1,0%,7
donde estan las mejores playas,0,1,0%,7
gargano cliffs italy,0,1,0%,7
gargano coast caves,0,1,0%,7
manfredonia cosa mangiare,0,1,0%,7
what is the closest airport,0,1,0%,7
case,0,1,0%,8
gargano bus,0,1,0%,8
mattinata manfredonia distanza,0,1,0%,8
plage autour de moi,0,1,0%,8
plage sauvage autour de moi,0,1,0%,8
qualcosa da mangiare,0,1,0%,8
treno gargano,0,1,0%,8
b&b gargano,0,1,0%,9
both,0,1,0%,9
com e il mare a manfredonia,0,1,0%,9
gargano letiště,0,1,0%,9
basilica siponto tresoldi,0,1,0%,10
bus manfredonia vieste,0,1,0%,10
distanza mattinata manfredonia,0,1,0%,10
distanza vieste mattinata in auto,0,1,0%,10
fischmarkt vieste,0,1,0%,10
isole tremiti da mattinata,0,1,0%,10
manfredonia plaże,0,1,0%,10
siponto tresoldi,0,1,0%,10
vieste manfredonia,0,1,0%,10
vieste plage,0,1,0%,10
bari to gargano,0,1,0%,11
bb manfredonia,0,1,0%,11
costa garganica,0,1,0%,11
distanza manfredonia mattinata,0,1,0%,11
dove mangiare manfredonia,0,1,0%,11
manfredonia cosa vedere in un giorno,0,1,0%,11
manfredonia tremiti distanza,0,1,0%,11
plage sable autour de moi,0,1,0%,11
quanto dista,0,1,0%,11
spiagge tra manfredonia e mattinata,0,1,0%,11
traghetti da manfredonia alle isole tremiti,0,1,0%,11
best beaches near vieste,0,1,0%,12
costa del gargano,0,1,0%,12
mangiare manfredonia,0,1,0%,12
plage gargano pouilles,0,1,0%,12
plage gratuite autour de moi,0,1,0%,12
rosticceria manfredonia,0,1,0%,12
spiagge belle a manfredonia,0,1,0%,12
airbnb vicino a me,0,1,0%,13
gargano restaurant,0,1,0%,13
gastronomia manfredonia,0,1,0%,13
jalant mattinata,0,1,0%,13
spiagge golfo di manfredonia,0,1,0%,13
spiagge libere manfredonia,0,1,0%,13
spiaggia acqua di cristo manfredonia,0,1,0%,13
vieste gargano beach,0,1,0%,13
casa e bottega photos,0,1,0%,14
ende september,0,1,0%,14
gargano coast beaches,0,1,0%,14
location vacances manfredonia,0,1,0%,14
manfredonia appartamenti,0,1,0%,14
tresoldi siponto,0,1,0%,14
monolocale,0,1,0%,15
spiagge manfredonia e dintorni,0,1,0%,15
restaurant gargano,0,1,0%,16
traghetti manfredonia,0,1,0%,16
cassa e bottega,0,1,0%,18
gulf of manfredonia,0,1,0%,18
traghetti per isole tremiti da manfredonia,0,1,0%,18
appartamento manfredonia,0,1,0%,19
studio melillo manfredonia,0,1,0%,19
this,0,1,0%,19
trattorie manfredonia,0,1,0%,19
vieste spiaggia libera,0,1,0%,20
spiagge manfredonia sabbia,0,1,0%,21
spiaggia chiancamasitto,0,1,0%,21
la costa del gargano,0,1,0%,22
manfredonia dove mangiare,0,1,0%,22
manfredonia vieste,0,1,0%,24
cosa visitare a manfredonia,0,1,0%,25
cosa fare a manfredonia,0,1,0%,26
cosa vedere a manfredonia in un giorno,0,1,0%,26
lido macchia gargano,0,1,0%,27
manfredonia da vedere,0,1,0%,27
cosa c'è da vedere a manfredonia,0,1,0%,29
manfredonia markt,0,1,0%,29
spiaggia manfredonia,0,1,0%,30
yes i would love that,0,1,0%,30
varcaro spiaggia libera,0,1,0%,32
siponto italy,0,1,0%,33
bottega casa,0,1,0%,36
manfredonia wochenmarkt,0,1,0%,37
spiaggia dei colombi come arrivare,0,1,0%,40
cosa sono le calette del mare,0,1,0%,41
gargano in camper,0,1,0%,41
punta rossa gargano come arrivare,0,1,0%,43
ristoranti tipici gargano,0,1,0%,55
gargano dove mangiare,0,1,0%,58
appartamenti gargano parghelia,0,1,0%,64
strände gargano,0,1,0%,65
dove mangiare sul gargano,0,1,0%,72
manfredona,0,1,0%,91